ICD-9 Code,is_ICD-9,ICD-10 Chapter
F0390,FALSE,F03
290,TRUE,F03
D649,FALSE,D64
I10,FALSE,I10
S22,FALSE,S22
M810,FALSE,M81
C399,FALSE,C39
G30,FALSE,G30
G20,FALSE,G20
W19,FALSE,W19
L40,FALSE,L40
I130,FALSE,I13
R418,FALSE,R41
I509,FALSE,I50
N39,FALSE,N39
R413,FALSE,R41
C3490,FALSE,C34
I48,FALSE,I48
M43,FALSE,M43
S72,FALSE,S72
F01,FALSE,F01
C67,FALSE,C67
M1990,FALSE,M19
M46,FALSE,M46
N183,FALSE,N18
I69,FALSE,I69
R270,FALSE,R27
R4189,FALSE,R41
G301,FALSE,G30
M06,FALSE,M06
R26,FALSE,R26
S73,FALSE,S73
I4891,FALSE,I48
S42291D,FALSE,S42
G3183,FALSE,G31
I63,FALSE,I63
F03,FALSE,F03
F0391,FALSE,F03
I21,FALSE,I21
N189,FALSE,N18
G3184,FALSE,G31
K859,FALSE,K85
M62,FALSE,M62
I330,FALSE,I33
C719,FALSE,C71
I25810,FALSE,I25
R41,FALSE,R41
I499,FALSE,I49
I639,FALSE,I63
G8911,FALSE,G89
G35,FALSE,G35
F02,FALSE,F02
G309,FALSE,G30
M818,FALSE,M81
S42301,FALSE,S42
None,FALSE,Non
M79,FALSE,M79
G93,FALSE,G93
I46,FALSE,I46
C189,FALSE,C18
S220,FALSE,S22
R29818,FALSE,R29
M47816,FALSE,M47
434.91,TRUE,I63
M25361,FALSE,M25
S42,FALSE,S42
414,TRUE,I25
E11,FALSE,E11
W19XXXD,FALSE,W19
S82,FALSE,S82
Z86,FALSE,Z86
S06,FALSE,S06
S3250,FALSE,S32
S32,FALSE,S32
F039,FALSE,F03
J44,FALSE,J44
C8218,FALSE,C82
438.22,TRUE,I69
I50,FALSE,I50
M19,FALSE,M19
M480,FALSE,M48
G300,FALSE,G30
S4221,FALSE,S42
M13,FALSE,M13
I2510,FALSE,I25
I679,FALSE,I67
M419,FALSE,M41
R41841,FALSE,R41
S0990XD,FALSE,S09
M160,FALSE,M16
M4802,FALSE,M48
M4326,FALSE,M43
S129,FALSE,S12
G81,FALSE,G81
R54,FALSE,R54
C541,FALSE,C54
M05,FALSE,M05
K5791,FALSE,K57
G9341,FALSE,G93
M726,FALSE,M72
G60,FALSE,G60
M461,FALSE,M46
H814,FALSE,H81
R260,FALSE,R26
Z96,FALSE,Z96
M48,FALSE,M48
N401,FALSE,N40
M47896,FALSE,M47
M75121,FALSE,M75
E43,FALSE,E43
G45,FALSE,G45
M5000,FALSE,M50
M19049,FALSE,M19
F0150,FALSE,F01
C250,FALSE,C25
F015,FALSE,F01
M12532,FALSE,M12
I26,FALSE,I26
S32000,FALSE,S32
F0280,FALSE,F02
E119,FALSE,E11
I619,FALSE,I61
R261,FALSE,R26
I63511,FALSE,I63
S12,FALSE,S12
G31,FALSE,G31
M5030,FALSE,M50
I255,FALSE,I25
I25,FALSE,I25
S69,FALSE,S69
Z950,FALSE,Z95
Z853,FALSE,Z85
S065,FALSE,S06
J189,FALSE,J18
M4806,FALSE,M48
I6930,FALSE,I69
I214,FALSE,I21
S3251,FALSE,S32
M353,FALSE,M35
S42301D,FALSE,S42
I350,FALSE,I35
M5135,FALSE,M51
M1612,FALSE,M16
S335XXA,FALSE,S33
Z47,FALSE,Z47
B0223,FALSE,B02
C50912,FALSE,C50
J9600,FALSE,J96
F0281,FALSE,F02
G56,FALSE,G56
M6282,FALSE,M62
C61,FALSE,C61
K40,FALSE,K40
H409,FALSE,H40
M259,FALSE,M25
M80829S,FALSE,M80
G9009,FALSE,G90
S52,FALSE,S52
M179,FALSE,M17
K219,FALSE,K21
R296,FALSE,R29
I609,FALSE,I60
S32511D,FALSE,S32
J96,FALSE,J96
F05,FALSE,F05
J441,FALSE,J44
311,TRUE,F32
M80,FALSE,M80
I67,FALSE,I67
A41,FALSE,A41
N18,FALSE,N18
H40,FALSE,H40
354.3,TRUE,G56
M150,FALSE,M15
M00862,FALSE,M00
H54,FALSE,H54
F0151,FALSE,F01
J449,FALSE,J44
Z8673,FALSE,Z86
S86,FALSE,S86
S423,FALSE,S42
E039,FALSE,E03
S52121D,FALSE,S52
I5022,FALSE,I50
G250,FALSE,G25
M47,FALSE,M47
M84459,FALSE,M84
M5136,FALSE,M51
I71,FALSE,I71
C50,FALSE,C50
I739,FALSE,I73
J811,FALSE,J81
M1380,FALSE,M13
M1467,FALSE,M14
G629,FALSE,G62
M17,FALSE,M17
I951,FALSE,I95
G14,FALSE,G14
I429,FALSE,I42
G12,FALSE,G12
C49,FALSE,C49
I5020,FALSE,I50
S321,FALSE,S32
M41,FALSE,M41
E25,FALSE,E25
R627,FALSE,R62
H3530,FALSE,H35
M8435,FALSE,M84
I638,FALSE,I63
R03,FALSE,R03
F19,FALSE,F19
N202,FALSE,N20
M5116,FALSE,M51
G919,FALSE,G91
Z91,FALSE,Z91
Z87,FALSE,Z87
C069,FALSE,C06
M1711,FALSE,M17
C801,FALSE,C80
C029,FALSE,C02
S332,FALSE,S33
I480,FALSE,I48
715.9,TRUE,M19
S89,FALSE,S89
447.6,TRUE,I77
M84454A,FALSE,M84
C259,FALSE,C25
R2681,FALSE,R26
G578,FALSE,G57
G3109,FALSE,G31
S3282,FALSE,S32
M21,FALSE,M21
I89,FALSE,I89
M25562,FALSE,M25
818.1,TRUE,S32
G8191,FALSE,G81
M159,FALSE,M15
S3282XS,FALSE,S32
C450,FALSE,C45
I44,FALSE,I44
R55,FALSE,R55
I690,FALSE,I69
R16,FALSE,R16
D469,FALSE,D46
C16,FALSE,C16
386.11,TRUE,H81
756.83,TRUE,Q76
R410,FALSE,R41
332,TRUE,G20
I61,FALSE,I61
R6521,FALSE,R65
R4181,FALSE,R41
K57,FALSE,K57
E03,FALSE,E03
I5021,FALSE,I50
G310,FALSE,G31
I63512,FALSE,I63
S2242XD,FALSE,S22
724,TRUE,M54
R4184,FALSE,R41
Z9181,FALSE,Z91
G894,FALSE,G89
C09,FALSE,C09
J910,FALSE,J91
G91,FALSE,G91
I52,FALSE,I52
S32009A,FALSE,S32
J440,FALSE,J44
M54,FALSE,M54
G7241,FALSE,G72
M170,FALSE,M17
I5023,FALSE,I50
L97,FALSE,L97
G459,FALSE,G45
M069,FALSE,M06
C349,FALSE,C34
I5030,FALSE,I50
J9601,FALSE,J96
M87051,FALSE,M87
L0390,FALSE,L03
K56,FALSE,K56
R27,FALSE,R27
959.7,TRUE,S00
N12,FALSE,N12
M6281,FALSE,M62
250,TRUE,E11
721.8,TRUE,M48
G912,FALSE,G91
436,TRUE,I63
C20,FALSE,C20
S32020,FALSE,S32
C91,FALSE,C91
M2445,FALSE,M24
G903,FALSE,G90
C92,FALSE,C92
M84,FALSE,M84
S065X0A,FALSE,S06
R60,FALSE,R60
C7951,FALSE,C79
I890,FALSE,I89
I119,FALSE,I11
E08,FALSE,E08
T84020D,FALSE,T84
K632,FALSE,K63
S27,FALSE,S27
M5430,FALSE,M54
S92,FALSE,S92
I502,FALSE,I50
M545,FALSE,M54
M25,FALSE,M25
N179,FALSE,N17
S32120A,FALSE,S32
S224,FALSE,S22
E871,FALSE,E87
I6340,FALSE,I63
I11,FALSE,I11
M199,FALSE,M19
R62,FALSE,R62
L03,FALSE,L03
G61,FALSE,G61
N186,FALSE,N18
I714,FALSE,I71
Z96649,FALSE,Z96
G9340,FALSE,G93
K5660,FALSE,K56
J84,FALSE,J84
F32,FALSE,F32
C55,FALSE,C55
Z4881,FALSE,Z48
I872,FALSE,I87
L89,FALSE,L89
T84,FALSE,T84
G3185,FALSE,G31
G603,FALSE,G60
M4607,FALSE,M46
M25511,FALSE,M25
Z9981,FALSE,Z99
N390,FALSE,N39
G40,FALSE,G40
M84459A,FALSE,M84
I634,FALSE,I63
F028,FALSE,F02
M85,FALSE,M85
I442,FALSE,I44
S32010,FALSE,S32
M4322,FALSE,M43
G238,FALSE,G23
R262,FALSE,R26
I5042,FALSE,I50
I63412,FALSE,I63
G3101,FALSE,G31
R412,FALSE,R41
401.9,TRUE,I10
438.9,TRUE,I69
G82,FALSE,G82
I95,FALSE,I95
G5600,FALSE,G56
N42,FALSE,N42
M6251,FALSE,M62
S2241XD,FALSE,S22
R0602,FALSE,R06
C50919,FALSE,C50
R609,FALSE,R60
M4800,FALSE,M48
820.21,TRUE,S72
M42,FALSE,M42
M4856,FALSE,M48
R4701,FALSE,R47
S0990XA,FALSE,S09
Z48,FALSE,Z48
I62,FALSE,I62
C7800,FALSE,C78
Q796,FALSE,Q79
I69354,FALSE,I69
D72,FALSE,D72
K6389,FALSE,K63
C18,FALSE,C18
L57,FALSE,L57
824.9,TRUE,S93
C80,FALSE,C80
K7469,FALSE,K74
M16,FALSE,M16
M8000XA,FALSE,M80
239.1,TRUE,D49
Z789,FALSE,Z78
H81,FALSE,H81
C7A0,FALSE,C7A
I998,FALSE,I99
C25,FALSE,C25
I70,FALSE,I70
I27,FALSE,I27
A419,FALSE,A41
E0500,FALSE,E05
M5441,FALSE,M54
R29,FALSE,R29
K25,FALSE,K25
M778,FALSE,M77
M51,FALSE,M51
G62,FALSE,G62
728.87,TRUE,M62
L08,FALSE,L08
S2249XA,FALSE,S22
B342,FALSE,B34
C859,FALSE,C85
S80,FALSE,S80
I69351,FALSE,I69
S13,FALSE,S13
F43,FALSE,F43
H548,FALSE,H54
R06,FALSE,R06
R25,FALSE,R25
S22089D,FALSE,S22
R2689,FALSE,R26
C716,FALSE,C71
I6341,FALSE,I63
R531,FALSE,R53
S42202,FALSE,S42
E1165,FALSE,E11
H8109,FALSE,H81
805.4,TRUE,S12
R29898,FALSE,R29
J410,FALSE,J41
I493,FALSE,I49
S62,FALSE,S62
K625,FALSE,K62
I672,FALSE,I67
E1122,FALSE,E11
355.71,TRUE,G57
M15,FALSE,M15
G10,FALSE,G10
M81,FALSE,M81
C9110,FALSE,C91
G600,FALSE,G60
Z9089,FALSE,Z90
E782,FALSE,E78
M4807,FALSE,M48
340,TRUE,G35
M84351,FALSE,M84
M1611,FALSE,M16
I8240,FALSE,I82
174.9,TRUE,C50
I87,FALSE,I87
S52123A,FALSE,S52
I712,FALSE,I71
H44,FALSE,H44
B34,FALSE,B34
I663,FALSE,I66
G252,FALSE,G25
I65,FALSE,I65
E8342,FALSE,E83
L4052,FALSE,L40
C50911,FALSE,C50
S324,FALSE,S32
D50,FALSE,D50
B974,FALSE,B97
291.2,TRUE,F10
356,TRUE,G60
296.5,TRUE,F31
I63541,FALSE,I63
J810,FALSE,J81
I248,FALSE,I24
Z48815,FALSE,Z48
I615,FALSE,I61
S3245,FALSE,S32
Z4789,FALSE,Z47
290.43,TRUE,F03
Z823,FALSE,Z82
332.1,TRUE,G21
J18,FALSE,J18
C569,FALSE,C56
G609,FALSE,G60
C90,FALSE,C90
G231,FALSE,G23
M542,FALSE,M54
D869,FALSE,D86
R47,FALSE,R47
I5033,FALSE,I50
B941,FALSE,B94
T1810,FALSE,T18
L959,FALSE,L95
M5416,FALSE,M54
G8250,FALSE,G82
E785,FALSE,E78
Z82,FALSE,Z82
C9000,FALSE,C90
J962,FALSE,J96
F33,FALSE,F33
C787,FALSE,C78
S52031,FALSE,S52
C170,FALSE,C17
R2243,FALSE,R22
C64,FALSE,C64
M329,FALSE,M32
202.8,TRUE,C85
R269,FALSE,R26
812.09,TRUE,S42
M0086,FALSE,M00
I519,FALSE,I51
I6935,FALSE,I69
J12,FALSE,J12
Z933,FALSE,Z93
N40,FALSE,N40
G4733,FALSE,G47
G318,FALSE,G31
R42,FALSE,R42
S42112D,FALSE,S42
G311,FALSE,G31
G89,FALSE,G89
G319,FALSE,G31
I4510,FALSE,I45
Z488,FALSE,Z48
349,TRUE,G89
I70235,FALSE,I70
G47,FALSE,G47
S3204,FALSE,S32
M961,FALSE,M96
L03115,FALSE,L03
S4302,FALSE,S43
R419,FALSE,R41
E440,FALSE,E44
C920,FALSE,C92
S52301,FALSE,S52
M543,FALSE,M54
S065X6D,FALSE,S06
Z826,FALSE,Z82
G21,FALSE,G21
I699,FALSE,I69
I441,FALSE,I44
M18,FALSE,M18
G23,FALSE,G23
C221,FALSE,C22
B35,FALSE,B35
M4696,FALSE,M46
M1991,FALSE,M19
M8580,FALSE,M85
F41,FALSE,F41
K5289,FALSE,K52
S70,FALSE,S70
M1712,FALSE,M17
S32502D,FALSE,S32
S2207,FALSE,S22
I70245,FALSE,I70
I63311,FALSE,I63
E44,FALSE,E44
B948,FALSE,B94
E271,FALSE,E27
S1211,FALSE,S12
G729,FALSE,G72
S42001D,FALSE,S42
I13,FALSE,I13
852,TRUE,S06
S52021,FALSE,S52
C50811,FALSE,C50
I69251,FALSE,I69
Z96641,FALSE,Z96
T14,FALSE,T14
I5031,FALSE,I50
F30,FALSE,F30
I73,FALSE,I73
Z955,FALSE,Z95
319,TRUE,F79
S325,FALSE,S32
S81,FALSE,S81
Z48816,FALSE,Z48
A4151,FALSE,A41
G70,FALSE,G70
290.13,TRUE,F03
E860,FALSE,E86
D45,FALSE,D45
S42201D,FALSE,S42
S32511,FALSE,S32
I252,FALSE,I25
N185,FALSE,N18
715.09,TRUE,M19
M7062,FALSE,M70
D320,FALSE,D32
K65,FALSE,K65
J9612,FALSE,J96
I6200,FALSE,I62
S120,FALSE,S12
S46,FALSE,S46
T84195D,FALSE,T84
733,TRUE,M81
C858,FALSE,C85
K29,FALSE,K29
331,TRUE,G31
J849,FALSE,J84
S0101XD,FALSE,S01
M35,FALSE,M35
S32010D,FALSE,S32
S065X9D,FALSE,S06
R251,FALSE,R25
M6259,FALSE,M62
780.93,TRUE,R41
F329,FALSE,F32
E038,FALSE,E03
R5381,FALSE,R53
G7249,FALSE,G72
M25612,FALSE,M25
G460,FALSE,G46
C795,FALSE,C79
T82,FALSE,T82
E11649,FALSE,E11
Z96642,FALSE,Z96
D63,FALSE,D63
F06,FALSE,F06
M7061,FALSE,M70
R2991,FALSE,R29
I150,FALSE,I15
G2401,FALSE,G24
Z28,FALSE,Z28
S32512,FALSE,S32
G061,FALSE,G06
G1221,FALSE,G12
S065X0,FALSE,S06
M792,FALSE,M79
E87,FALSE,E87
Z8501,FALSE,Z85
G809,FALSE,G80
S43,FALSE,S43
C8330,FALSE,C83
J8410,FALSE,J84
N13,FALSE,N13
Z98,FALSE,Z98
S32040,FALSE,S32
I5032,FALSE,I50
M5489,FALSE,M54
A49,FALSE,A49
728.88,TRUE,M62
S22030D,FALSE,S22
I629,FALSE,I62
M1045,FALSE,M10
Z96651,FALSE,Z96
C900,FALSE,C90
M8008,FALSE,M80
G04,FALSE,G04
I6789,FALSE,I67
D709,FALSE,D70
J9621,FALSE,J96
S02600A,FALSE,S02
I259,FALSE,I25
M5003,FALSE,M50
E1140,FALSE,E11
I110,FALSE,I11
S2200,FALSE,S22
G99,FALSE,G99
G934,FALSE,G93
I489,FALSE,I48
H35,FALSE,H35
S4220,FALSE,S42
S422,FALSE,S42
G931,FALSE,G93
M138,FALSE,M13
E13620,FALSE,E13
C652,FALSE,C65
S32030D,FALSE,S32
A4902,FALSE,A49
M5412,FALSE,M54
M8008XD,FALSE,M80
I251,FALSE,I25
S320,FALSE,S32
S22050,FALSE,S22
D494,FALSE,D49
T8454XA,FALSE,T84
S42101,FALSE,S42
R268,FALSE,R26
C03,FALSE,C03
G57,FALSE,G57
K92,FALSE,K92
R4182,FALSE,R41
M2555,FALSE,M25
R1084,FALSE,R10
H353,FALSE,H35
F061,FALSE,F06
M1389,FALSE,M13
F42,FALSE,F42
G90,FALSE,G90
I482,FALSE,I48
M19079,FALSE,M19
M0609,FALSE,M06
I47,FALSE,I47
M6250,FALSE,M62
I87321,FALSE,I87
K210,FALSE,K21
J984,FALSE,J98
M80051D,FALSE,M80
C41,FALSE,C41
B97,FALSE,B97
B96,FALSE,B96
E108,FALSE,E10
D860,FALSE,D86
S22000A,FALSE,S22
A310,FALSE,A31
J690,FALSE,J69
Z01818,FALSE,Z01
S3201,FALSE,S32
I12,FALSE,I12
I779,FALSE,I77
S32402D,FALSE,S32
A6920,FALSE,A69
G24,FALSE,G24
M13861,FALSE,M13
I5041,FALSE,I50
I82,FALSE,I82
G3281,FALSE,G32
G463,FALSE,G46
M72,FALSE,M72
J9610,FALSE,J96
K922,FALSE,K92
S42302A,FALSE,S42
C34,FALSE,C34
M19072,FALSE,M19
H8110,FALSE,H81
R58,FALSE,R58
D46,FALSE,D46
M316,FALSE,M31
M431,FALSE,M43
I82432,FALSE,I82
S32512D,FALSE,S32
G92,FALSE,G92
359.1,TRUE,G71
L02,FALSE,L02
M751,FALSE,M75
G452,FALSE,G45
356.9,TRUE,G60
Z9664,FALSE,Z96
S065X,FALSE,S06
G709,FALSE,G70
K861,FALSE,K86
N19,FALSE,N19
E876,FALSE,E87
S32048G,FALSE,S32
722.2,TRUE,M51
C4650,FALSE,C46
T84019,FALSE,T84
R030,FALSE,R03
G621,FALSE,G62
S14129,FALSE,S14
781.2,TRUE,R29
C79,FALSE,C79
C504,FALSE,C50
S3210,FALSE,S32
N182,FALSE,N18
Z861,FALSE,Z86
724.5,TRUE,M54
Z471,FALSE,Z47
S06340,FALSE,S06
S420,FALSE,S42
416.8,TRUE,I27
L8915,FALSE,L89
M4150,FALSE,M41
E11618,FALSE,E11
I63411,FALSE,I63
F411,FALSE,F41
G959,FALSE,G95
R53,FALSE,R53
M47812,FALSE,M47
C218,FALSE,C21
S32592,FALSE,S32
L89159,FALSE,L89
C3411,FALSE,C34
G8194,FALSE,G81
R411,FALSE,R41
E512,FALSE,E51
N17,FALSE,N17
C50611,FALSE,C50
N811,FALSE,N81
I51,FALSE,I51
N20,FALSE,N20
M84359A,FALSE,M84
C3491,FALSE,C34
N30,FALSE,N30
J69,FALSE,J69
Z4889,FALSE,Z48
K5720,FALSE,K57
K750,FALSE,K75
D472,FALSE,D47
E1142,FALSE,E11
J479,FALSE,J47
G63,FALSE,G63
T84040,FALSE,T84
493.9,TRUE,J45
M350,FALSE,M35
M4316,FALSE,M43
E854,FALSE,E85
J93,FALSE,J93
J98,FALSE,J98
M8781,FALSE,M87
S22019A,FALSE,S22
I5043,FALSE,I50
D6181,FALSE,D61
J4540,FALSE,J45
S529,FALSE,S52
296,TRUE,F31
S61,FALSE,S61
K509,FALSE,K50
G5792,FALSE,G57
S22009A,FALSE,S22
G1220,FALSE,G12
S22070,FALSE,S22
S0531XA,FALSE,S05
J471,FALSE,J47
K5669,FALSE,K56
S329,FALSE,S32
Z8781,FALSE,Z87
I6329,FALSE,I63
G700,FALSE,G70
H3531,FALSE,H35
S4291,FALSE,S42
M19012,FALSE,M19
G25,FALSE,G25
G7000,FALSE,G70
M80021D,FALSE,M80
S79,FALSE,S79
E13621,FALSE,E13
M1383,FALSE,M13
I613,FALSE,I61
Z96612,FALSE,Z96
R0609,FALSE,R06
Z982,FALSE,Z98
G64,FALSE,G64
G46,FALSE,G46
C7931,FALSE,C79
M4804,FALSE,M48
S32599,FALSE,S32
S42352,FALSE,S42
N10,FALSE,N10
D6189,FALSE,D61
844.8,TRUE,S83
C71,FALSE,C71
S22080D,FALSE,S22
S42201,FALSE,S42
D64,FALSE,D64
R000,FALSE,R00
334.4,TRUE,G11
307.8,TRUE,F95
H8149,FALSE,H81
M93,FALSE,M93
G308,FALSE,G30
I6350,FALSE,I63
C21,FALSE,C21
M5031,FALSE,M50
N184,FALSE,N18
H401430,FALSE,H40
D432,FALSE,D43
S32441,FALSE,S32
E13,FALSE,E13
H3411,FALSE,H34
D332,FALSE,D33
S3289,FALSE,S32
I77,FALSE,I77
M4302,FALSE,M43
B9729,FALSE,B97
S06301A,FALSE,S06
R7881,FALSE,R78
C229,FALSE,C22
M5134,FALSE,M51
J84112,FALSE,J84
I120,FALSE,I12
M80052D,FALSE,M80
L89150,FALSE,L89
N132,FALSE,N13
S460,FALSE,S46
D17,FALSE,D17
M478,FALSE,M47
F09,FALSE,F09
Q05,FALSE,Q05
F1097,FALSE,F10
H53,FALSE,H53
K810,FALSE,K81
362.5,TRUE,H35
M25462,FALSE,M25
N32,FALSE,N32
M86,FALSE,M86
M4712,FALSE,M47
J206,FALSE,J20
I503,FALSE,I50
M5410,FALSE,M54
M1280,FALSE,M12
B42,FALSE,B42
K7460,FALSE,K74
C799,FALSE,C79
S0990,FALSE,S09
G8220,FALSE,G82
S14,FALSE,S14
Q6211,FALSE,Q62
Z723,FALSE,Z72
I5040,FALSE,I50
C187,FALSE,C18
M87,FALSE,M87
138,TRUE,B90
F4325,FALSE,F43
K51,FALSE,K51
N172,FALSE,N17
M190,FALSE,M19
C54,FALSE,C54
C9151,FALSE,C91
T79,FALSE,T79
F29,FALSE,F29
R538,FALSE,R53
Z9689,FALSE,Z96
M059,FALSE,M05
I63319,FALSE,I63
I35,FALSE,I35
I69391,FALSE,I69
L984,FALSE,L98
G71,FALSE,G71
L03114,FALSE,L03
M130,FALSE,M13
824,TRUE,S92
G6181,FALSE,G61
E78,FALSE,E78
S062X2S,FALSE,S06
S0291,FALSE,S02
S32030,FALSE,S32
D73,FALSE,D73
719.41,TRUE,M25
D32,FALSE,D32
G8192,FALSE,G81
G8221,FALSE,G82
S32591D,FALSE,S32
M797,FALSE,M79
R001,FALSE,R00
I69954,FALSE,I69
M89,FALSE,M89
L97411,FALSE,L97
M7981,FALSE,M79
C85,FALSE,C85
S75,FALSE,S75
J9690,FALSE,J96
435.9,TRUE,G45
W01,FALSE,W01
343.9,TRUE,G80
I8243,FALSE,I82
G72,FALSE,G72
Z9114,FALSE,Z91
K45,FALSE,K45
T81,FALSE,T81
M9682,FALSE,M96
S2241XA,FALSE,S22
N3000,FALSE,N30
M0579,FALSE,M05
575,TRUE,K83
K259,FALSE,K25
G7001,FALSE,G70
S4230,FALSE,S42
M488,FALSE,M48
D352,FALSE,D35
722.7,TRUE,M51
J439,FALSE,J43
M61,FALSE,M61
C261,FALSE,C26
I311,FALSE,I31
I70213,FALSE,I70
K85,FALSE,K85
I6354,FALSE,I63
G214,FALSE,G21
G11,FALSE,G11
M5126,FALSE,M51
I6523,FALSE,I65
E27,FALSE,E27
K5900,FALSE,K59
I74,FALSE,I74
G618,FALSE,G61
F419,FALSE,F41
M84350,FALSE,M84
M4640,FALSE,M46
337,TRUE,G90
L89204,FALSE,L89
E6601,FALSE,E66
T42,FALSE,T42
C220,FALSE,C22
432.1,TRUE,I61
G834,FALSE,G83
J1281,FALSE,J12
S46211D,FALSE,S46
H53021,FALSE,H53
M21371,FALSE,M21
I213,FALSE,I21
824.8,TRUE,S92
J128,FALSE,J12
I69020,FALSE,I69
A047,FALSE,A04
M3219,FALSE,M32
S42252A,FALSE,S42
S126,FALSE,S12
Z87820,FALSE,Z87
153.9,TRUE,C18
S66,FALSE,S66
820,TRUE,S72
T8452,FALSE,T84
I614,FALSE,I61
D291,FALSE,D29
I69398,FALSE,I69
240,TRUE,E04
C760,FALSE,C76
S060X9A,FALSE,S06
B0229,FALSE,B02
I339,FALSE,I33
C44,FALSE,C44
S42301A,FALSE,S42
S030,FALSE,S03
G03,FALSE,G03
J40,FALSE,J40
I69393,FALSE,I69
I69359,FALSE,I69
G9520,FALSE,G95
M9667,FALSE,M96
E780,FALSE,E78
M25512,FALSE,M25
M25552,FALSE,M25
E669,FALSE,E66
C169,FALSE,C16
G6189,FALSE,G61
B02,FALSE,B02
414.9,TRUE,I25
S42292D,FALSE,S42
I824,FALSE,I82
I6351,FALSE,I63
Z95,FALSE,Z95
S2231,FALSE,S22
M25519,FALSE,M25
S52531,FALSE,S52
I471,FALSE,I47
G43,FALSE,G43
K62,FALSE,K62
I2699,FALSE,I26
I729,FALSE,I72
I700,FALSE,I70
M4727,FALSE,M47
724.02,TRUE,M54
D61,FALSE,D61
M1021,FALSE,M10
F332,FALSE,F33
E05,FALSE,E05
E66,FALSE,E66
B029,FALSE,B02
294.1,TRUE,F02
Z48812,FALSE,Z48
J17,FALSE,J17
I97,FALSE,I97
N1330,FALSE,N13
I715,FALSE,I71
I6931,FALSE,I69
T827XXA,FALSE,T82
S32502,FALSE,S32
S32009,FALSE,S32
I680,FALSE,I68
S32501D,FALSE,S32
Z99,FALSE,Z99
I351,FALSE,I35
J129,FALSE,J12
L031,FALSE,L03
K566,FALSE,K56
F319,FALSE,F31
K768,FALSE,K76
496,TRUE,J44
N63,FALSE,N63
E41,FALSE,E41
S4249,FALSE,S42
331.9,TRUE,G31
K52,FALSE,K52
S06360A,FALSE,S06
I25119,FALSE,I25
L97419,FALSE,L97
R45851,FALSE,R45
G2581,FALSE,G25
388.5,TRUE,H93
M84452,FALSE,M84
I6782,FALSE,I67
D75,FALSE,D75
M5106,FALSE,M51
344.1,TRUE,G81
I38,FALSE,I38
C786,FALSE,C78
438,TRUE,I69
R64,FALSE,R64
S3210XA,FALSE,S32
J9611,FALSE,J96
M86172,FALSE,M86
A04,FALSE,A04
I222,FALSE,I22
C15,FALSE,C15
C8339,FALSE,C83
780.3,TRUE,R41
S20219,FALSE,S20
T783XXA,FALSE,T78
715.16,TRUE,M19
G8929,FALSE,G89
M858,FALSE,M85
M75,FALSE,M75
D43,FALSE,D43
T8454XD,FALSE,T84
M216,FALSE,M21
K7200,FALSE,K72
M628,FALSE,M62
F31,FALSE,F31
D519,FALSE,D51
S4210,FALSE,S42
344,TRUE,G81
M2551,FALSE,M25
G50,FALSE,G50
R5383,FALSE,R53
H81393,FALSE,H81
S31,FALSE,S31
T84011,FALSE,T84
I60,FALSE,I60
I63322,FALSE,I63
M32,FALSE,M32
C82,FALSE,C82
S32012D,FALSE,S32
S32019,FALSE,S32
T560,FALSE,T56
C43,FALSE,C43
S22070D,FALSE,S22
I6939,FALSE,I69
A31,FALSE,A31
G40909,FALSE,G40
I693,FALSE,I69
G232,FALSE,G23
A8100,FALSE,A81
K7210,FALSE,K72
Z90,FALSE,Z90
J459,FALSE,J45
M800,FALSE,M80
J90,FALSE,J90
C228,FALSE,C22
T21,FALSE,T21
Z85,FALSE,Z85
I63539,FALSE,I63
J43,FALSE,J43
F341,FALSE,F34
N400,FALSE,N40
E51,FALSE,E51
Q249,FALSE,Q24
A81,FALSE,A81
B965,FALSE,B96
M1281,FALSE,M12
K7290,FALSE,K72
C52,FALSE,C52
M24,FALSE,M24
M1993,FALSE,M19
S2222XD,FALSE,S22
R911,FALSE,R91
E1065,FALSE,E10
S42202D,FALSE,S42
I6201,FALSE,I62
S32050D,FALSE,S32
R22,FALSE,R22
D721,FALSE,D72
M4722,FALSE,M47
I15,FALSE,I15
F339,FALSE,F33
C50111,FALSE,C50
K81,FALSE,K81
S52301A,FALSE,S52
R131,FALSE,R13
I06,FALSE,I06
C7910,FALSE,C79
C182,FALSE,C18
G95,FALSE,G95
M96,FALSE,M96
Z79,FALSE,Z79
G9389,FALSE,G93
290.21,TRUE,F03
G43709,FALSE,G43
727.61,TRUE,M66
R569,FALSE,R56
S42294,FALSE,S42
410.9,TRUE,I21
J960,FALSE,J96
C410,FALSE,C41
I428,FALSE,I42
M8448,FALSE,M84
L03116,FALSE,L03
M99,FALSE,M99
M4625,FALSE,M46
S35,FALSE,S35
M50,FALSE,M50
H540,FALSE,H54
G9349,FALSE,G93
Z9013,FALSE,Z90
M5137,FALSE,M51
K7581,FALSE,K75
C30,FALSE,C30
L989,FALSE,L98
M4850XG,FALSE,M48
Z4781,FALSE,Z47
S121,FALSE,S12
M77,FALSE,M77
344.9,TRUE,G81
C83,FALSE,C83
805.6,TRUE,S12
M064,FALSE,M06
737.3,TRUE,M41
C77,FALSE,C77
41.04,FALSE,41
Z9049,FALSE,Z90
I873,FALSE,I87
S32010A,FALSE,S32
G0481,FALSE,G04
440.22,TRUE,I70
C88,FALSE,C88
C84,FALSE,C84
M84371,FALSE,M84
457.1,TRUE,I89
M6258,FALSE,M62
H3535,FALSE,H35
M25559,FALSE,M25
J159,FALSE,J15
R600,FALSE,R60
410.72,TRUE,I21
G909,FALSE,G90
D62,FALSE,D62
Z5189,FALSE,Z51
G40509,FALSE,G40
G933,FALSE,G93
C9210,FALSE,C92
I6359,FALSE,I63
S32020D,FALSE,S32
J9602,FALSE,J96
S32810D,FALSE,S32
F25,FALSE,F25
G2111,FALSE,G21
I82409,FALSE,I82
Z89,FALSE,Z89
L120,FALSE,L12
331.19,TRUE,G31
R471,FALSE,R47
E46,FALSE,E46
I69152,FALSE,I69
J9691,FALSE,J96
R6251,FALSE,R62
M754,FALSE,M75
C109,FALSE,C10
M8447,FALSE,M84
K5792,FALSE,K57
F449,FALSE,F44
G4050,FALSE,G40
G939,FALSE,G93
M7502,FALSE,M75
M40,FALSE,M40
A809,FALSE,A80
G7281,FALSE,G72
G510,FALSE,G51
Z74,FALSE,Z74
M25311,FALSE,M25
M84471,FALSE,M84
M171,FALSE,M17
G5782,FALSE,G57
M4781,FALSE,M47
C210,FALSE,C21
I69952,FALSE,I69
S43004D,FALSE,S43
C3492,FALSE,C34
290.2,TRUE,F03
E611,FALSE,E61
H18,FALSE,H18
D631,FALSE,D63
R13,FALSE,R13
429.2,TRUE,I51
S4240,FALSE,S42
I674,FALSE,I67
R19,FALSE,R19
G32,FALSE,G32
M540,FALSE,M54
M8705,FALSE,M87
R52,FALSE,R52
S12690,FALSE,S12
V89,FALSE,V89
Z940,FALSE,Z94
Z918,FALSE,Z91
294,TRUE,F02
S42352A,FALSE,S42
Z894,FALSE,Z89
H9193,FALSE,H91
J431,FALSE,J43
G8114,FALSE,G81
K5750,FALSE,K57
S32019A,FALSE,S32
M12,FALSE,M12
C56,FALSE,C56
Z4542,FALSE,Z45
H3412,FALSE,H34
C679,FALSE,C67
723.4,TRUE,M54
R00,FALSE,R00
R57,FALSE,R57
S22080G,FALSE,S22
M0589,FALSE,M05
C7981,FALSE,C79
I132,FALSE,I13
M161,FALSE,M16
L03113,FALSE,L03
C50412,FALSE,C50
M452,FALSE,M45
S32401D,FALSE,S32
296.8,TRUE,F31
E75242,FALSE,E75
Z966,FALSE,Z96
M799,FALSE,M79
J38,FALSE,J38
H33,FALSE,H33
S71,FALSE,S71
G936,FALSE,G93
O99,FALSE,O99
G114,FALSE,G11
K72,FALSE,K72
C251,FALSE,C25
J181,FALSE,J18
I618,FALSE,I61
I6322,FALSE,I63
F309,FALSE,F30
N31,FALSE,N31
E86,FALSE,E86
S32492,FALSE,S32
M0600,FALSE,M06
I42,FALSE,I42
S30,FALSE,S30
V12,FALSE,V12
I96,FALSE,I96
M5432,FALSE,M54
Z483,FALSE,Z48
R651,FALSE,R65
M8509,FALSE,M85
Z96611,FALSE,Z96
726.1,TRUE,M75
794.09,TRUE,R94
S060X1A,FALSE,S06
S424,FALSE,S42
S1220,FALSE,S12
F4323,FALSE,F43
38.8,FALSE,38
S1214XS,FALSE,S12
A4101,FALSE,A41
M84454D,FALSE,M84
S22080,FALSE,S22
S32599D,FALSE,S32
E875,FALSE,E87
R48,FALSE,R48
Z7409,FALSE,Z74
G7289,FALSE,G72
M1901,FALSE,M19
M4134,FALSE,M41
J42,FALSE,J42
R338,FALSE,R33
R32,FALSE,R32
C8510,FALSE,C85
C181,FALSE,C18
Z9989,FALSE,Z99
Z832,FALSE,Z83
S22080S,FALSE,S22
Z4901,FALSE,Z49
799.3,TRUE,R41
I272,FALSE,I27
M3131,FALSE,M31
R59,FALSE,R59
I34,FALSE,I34
M84461,FALSE,M84
O161,FALSE,O16
M80022,FALSE,M80
M84451A,FALSE,M84
M5431,FALSE,M54
E109,FALSE,E10
L929,FALSE,L92
I82403,FALSE,I82
I129,FALSE,I12
296.7,TRUE,F31
S42021D,FALSE,S42
G218,FALSE,G21
C78,FALSE,C78
995.91,TRUE,T88
E661,FALSE,E66
N111,FALSE,N11
T402X1S,FALSE,T40
D496,FALSE,D49
R5382,FALSE,R53
R17,FALSE,R17
A88,FALSE,A88
369.3,TRUE,H54
M75102,FALSE,M75
K51913,FALSE,K51
F72,FALSE,F72
350.9,TRUE,G50
S12112B,FALSE,S12
M25569,FALSE,M25
S5260,FALSE,S52
M4856XA,FALSE,M48
M0689,FALSE,M06
E79,FALSE,E79
721,TRUE,M54
K578,FALSE,K57
C8590,FALSE,C85
Q0700,FALSE,Q07
A9231,FALSE,A92
A77,FALSE,A77
H811,FALSE,H81
345.9,TRUE,G40
J069,FALSE,J06
M75101,FALSE,M75
E11319,FALSE,E11
H31013,FALSE,H31
331.82,TRUE,G31
F132,FALSE,F13
I63531,FALSE,I63
G5762,FALSE,G57
T8451,FALSE,T84
M4803,FALSE,M48
S2205,FALSE,S22
M450,FALSE,M45
427.31,TRUE,I48
H810,FALSE,H81
B951,FALSE,B95
C8581,FALSE,C85
S32000D,FALSE,S32
R222,FALSE,R22
I6905,FALSE,I69
S066,FALSE,S06
S22080A,FALSE,S22
B20,FALSE,B20
B37,FALSE,B37
G210,FALSE,G21
C439,FALSE,C43
S74,FALSE,S74
Z85820,FALSE,Z85
K659,FALSE,K65
D321,FALSE,D32
J80,FALSE,J80
M513,FALSE,M51
R278,FALSE,R27
S3289XA,FALSE,S32
S32040A,FALSE,S32
B33,FALSE,B33
C44329,FALSE,C44
S32592D,FALSE,S32
S3200,FALSE,S32
R760,FALSE,R76
F445,FALSE,F44
S06360,FALSE,S06
R293,FALSE,R29
S42302B,FALSE,S42
S32041D,FALSE,S32
348.31,TRUE,G93
M34,FALSE,M34
G373,FALSE,G37
S53144D,FALSE,S53
H25,FALSE,H25
Z720,FALSE,Z72
S3210XD,FALSE,S32
M4989,FALSE,M49
T814,FALSE,T81
S3289XD,FALSE,S32
B370,FALSE,B37
F200,FALSE,F20
Z794,FALSE,Z79
F418,FALSE,F41
D500,FALSE,D50
I1310,FALSE,I13
T84041A,FALSE,T84
C22,FALSE,C22
G039,FALSE,G03
S22088A,FALSE,S22
E236,FALSE,E23
R1319,FALSE,R13
M5104,FALSE,M51
S83,FALSE,S83
I8242,FALSE,I82
M7552,FALSE,M75
Z951,FALSE,Z95
I6203,FALSE,I62
M4004,FALSE,M40
M8001,FALSE,M80
M26,FALSE,M26
M70,FALSE,M70
K868,FALSE,K86
C459,FALSE,C45
F3181,FALSE,F31
G802,FALSE,G80
S32509,FALSE,S32
438.21,TRUE,I69
D7581,FALSE,D75
M84359,FALSE,M84
C7911,FALSE,C79
R339,FALSE,R33
R634,FALSE,R63
331.89,TRUE,G31
C793,FALSE,C79
I49,FALSE,I49
M255,FALSE,M25
C8238,FALSE,C82
M405,FALSE,M40
S24,FALSE,S24
I63331,FALSE,I63
Z899,FALSE,Z89
M4714,FALSE,M47
S22030,FALSE,S22
T84021A,FALSE,T84
H5450,FALSE,H54
I483,FALSE,I48
C223,FALSE,C22
G610,FALSE,G61
F1026,FALSE,F10
C711,FALSE,C71
G900,FALSE,G90
S02,FALSE,S02
J11,FALSE,J11
R73,FALSE,R73
J81,FALSE,J81
M49,FALSE,M49
715,TRUE,M19
I63521,FALSE,I63
C95,FALSE,C95
Z96652,FALSE,Z96
S52501,FALSE,S52
I632,FALSE,I63
S0083,FALSE,S00
81.51,TRUE,0SR
R6520,FALSE,R65
401,TRUE,I10
I69339,FALSE,I69
S01,FALSE,S01
C9200,FALSE,C92
M47817,FALSE,M47
S066X0A,FALSE,S06
F10,FALSE,F10
M5001,FALSE,M50
R079,FALSE,R07
S32042D,FALSE,S32
M7071,FALSE,M70
M6289,FALSE,M62
M25062,FALSE,M25
Q85,FALSE,Q85
D531,FALSE,D53
M8008XA,FALSE,M80
M2556,FALSE,M25
W540XXD,FALSE,W54
M25061,FALSE,M25
S32041,FALSE,S32
M169,FALSE,M16
780.9,TRUE,R41
I4892,FALSE,I48
G8333,FALSE,G83
D0512,FALSE,D05
S32049,FALSE,S32
G5601,FALSE,G56
K562,FALSE,K56
C17,FALSE,C17
D329,FALSE,D32
C23,FALSE,C23
F333,FALSE,F33
G1229,FALSE,G12
C65,FALSE,C65
I720,FALSE,I72
J869,FALSE,J86
I30,FALSE,I30
R91,FALSE,R91
S52121,FALSE,S52
I63532,FALSE,I63
429.89,TRUE,I51
K46,FALSE,K46
F328,FALSE,F32
S63,FALSE,S63
I20,FALSE,I20
I472,FALSE,I47
S91,FALSE,S91
E818,FALSE,E81
L4059,FALSE,L40
I6781,FALSE,I67
M84312,FALSE,M84
596.8,TRUE,N32
M80812,FALSE,M80
S024,FALSE,S02
I610,FALSE,I61
K7031,FALSE,K70
I249,FALSE,I24
M84459S,FALSE,M84
I6602,FALSE,I66
H43,FALSE,H43
38,FALSE,38
G40209,FALSE,G40
R404,FALSE,R40
Z89412,FALSE,Z89
584.5,TRUE,N17
M24662,FALSE,M24
K623,FALSE,K62
S42212A,FALSE,S42
I2511,FALSE,I25
I6921,FALSE,I69
S37,FALSE,S37
R441,FALSE,R44
J9620,FALSE,J96
C3412,FALSE,C34
Z89511,FALSE,Z89
S2232,FALSE,S22
J9622,FALSE,J96
P91,FALSE,P91
S1201,FALSE,S12
S32019D,FALSE,S32
I6011,FALSE,I60
M12811,FALSE,M12
G239,FALSE,G23
W69,FALSE,W69
S2242,FALSE,S22
188.9,TRUE,C67
415.19,TRUE,I26
M47815,FALSE,M47
394.9,TRUE,I08
K82,FALSE,K82
I211,FALSE,I21
M4602,FALSE,M46
E10,FALSE,E10
S2239XB,FALSE,S22
G259,FALSE,G25
M13862,FALSE,M13
S32040D,FALSE,S32
K22,FALSE,K22
S32810A,FALSE,S32
435.3,TRUE,G45
M0604,FALSE,M06
K5730,FALSE,K57
R1310,FALSE,R13
K5190,FALSE,K51
J8411,FALSE,J84
357.2,TRUE,G63
C9160,FALSE,C91
M315,FALSE,M31
F989,FALSE,F98
I6932,FALSE,I69
S52021D,FALSE,S52
I6991,FALSE,I69
C833,FALSE,C83
I9789,FALSE,I97
G952,FALSE,G95
M869,FALSE,M86
I504,FALSE,I50
Z20,FALSE,Z20
T8130XA,FALSE,T81
812.2,TRUE,S42
M19011,FALSE,M19
S14109A,FALSE,S14
721.3,TRUE,M54
H3532,FALSE,H35
E118,FALSE,E11
B9681,FALSE,B96
L03818,FALSE,L03
D849,FALSE,D84
428,TRUE,I50
K21,FALSE,K21
C4432,FALSE,C44
F4322,FALSE,F43
R1314,FALSE,R13
C44321,FALSE,C44
C7A,FALSE,C7A
S22000,FALSE,S22
M8949,FALSE,M89
M80852D,FALSE,M80
C8193,FALSE,C81
G9381,FALSE,G93
J121,FALSE,J12
H490,FALSE,H49
I517,FALSE,I51
560.9,TRUE,K56
Z85038,FALSE,Z85
M47814,FALSE,M47
S1410,FALSE,S14
D05,FALSE,D05
R09,FALSE,R09
K572,FALSE,K57
S32402S,FALSE,S32
M109,FALSE,M10
M87012,FALSE,M87
E09,FALSE,E09
I270,FALSE,I27
F1010,FALSE,F10
M4726,FALSE,M47
D68,FALSE,D68
Z981,FALSE,Z98
E1121,FALSE,E11
M484,FALSE,M48
N131,FALSE,N13
Z87448,FALSE,Z87
S76,FALSE,S76
M87052,FALSE,M87
D69,FALSE,D69
M4312,FALSE,M43
J9311,FALSE,J93
M911,FALSE,M91
G9511,FALSE,G95
K59,FALSE,K59
C9111,FALSE,C91
780,TRUE,R41
Z87440,FALSE,Z87
Z952,FALSE,Z95
M22,FALSE,M22
S4291XD,FALSE,S42
S42462D,FALSE,S42
S222,FALSE,S22
Q282,FALSE,Q28
S32111,FALSE,S32
R93,FALSE,R93
320.1,TRUE,G00
E1149,FALSE,E11
H402230,FALSE,H40
818,TRUE,S32
724.4,TRUE,M54
578.9,TRUE,K92
T78,FALSE,T78
A6922,FALSE,A69
E63,FALSE,E63
V892XXA,FALSE,V89
L89154,FALSE,L89
736.89,TRUE,M24
S2208,FALSE,S22
S1259,FALSE,S12
V49,FALSE,V49
707.1,TRUE,L89
N181,FALSE,N18
S32301D,FALSE,S32
M11261,FALSE,M11
S42441,FALSE,S42
E8770,FALSE,E87
B9721,FALSE,B97
S4235,FALSE,S42
S069X9A,FALSE,S06
K80,FALSE,K80
K50,FALSE,K50
G8190,FALSE,G81
M8437,FALSE,M84
H93,FALSE,H93
I69854,FALSE,I69
I69151,FALSE,I69
I2789,FALSE,I27
C7889,FALSE,C78
T84093,FALSE,T84
M4324,FALSE,M43
A80,FALSE,A80
808.8,TRUE,S32
821,TRUE,S72
R68,FALSE,R68
H612,FALSE,H61
S43032,FALSE,S43
S3259,FALSE,S32
280,TRUE,D50
C50211,FALSE,C50
G40309,FALSE,G40
C951,FALSE,C95
S43004A,FALSE,S43
A79,FALSE,A79
290.4,TRUE,F03
S32401,FALSE,S32
S12100D,FALSE,S12
M549,FALSE,M54
D33,FALSE,D33
I269,FALSE,I26
M75122,FALSE,M75
K449,FALSE,K44
812,TRUE,S42
S32811,FALSE,S32
L82,FALSE,L82
K00,FALSE,K00
I611,FALSE,I61
C671,FALSE,C67
Z954,FALSE,Z95
S88,FALSE,S88
M1904,FALSE,M19
G542,FALSE,G54
959.8,TRUE,S00
B351,FALSE,B35
M5417,FALSE,M54
A86,FALSE,A86
S32692D,FALSE,S32
F068,FALSE,F06
E0800,FALSE,E08
I82412,FALSE,I82
K8001,FALSE,K80
K5711,FALSE,K57
820.9,TRUE,S72
G8310,FALSE,G83
I749,FALSE,I74
C911,FALSE,C91
S12600,FALSE,S12
I63421,FALSE,I63
V54,FALSE,V54
G47419,FALSE,G47
S42301S,FALSE,S42
C419,FALSE,C41
J06,FALSE,J06
S062,FALSE,S06
I8281,FALSE,I82
G6289,FALSE,G62
I45,FALSE,I45
S12500D,FALSE,S12
T8484,FALSE,T84
M661,FALSE,M66
I7300,FALSE,I73
N171,FALSE,N17
S52532D,FALSE,S52
294.8,TRUE,F02
N16,FALSE,N16
G5622,FALSE,G56
K5731,FALSE,K57
G409,FALSE,G40
I68,FALSE,I68
Z48811,FALSE,Z48
S32028D,FALSE,S32
I69951,FALSE,I69
M00,FALSE,M00
N3091,FALSE,N30
R33,FALSE,R33
C8440,FALSE,C84
81.54,TRUE,0SR
M5387,FALSE,M53
342.9,TRUE,G81
G37,FALSE,G37
N138,FALSE,N13
R809,FALSE,R80
S22069,FALSE,S22
E55,FALSE,E55
V43.61,FALSE,V43
I309,FALSE,I30
S429,FALSE,S42
C714,FALSE,C71
S20211A,FALSE,S20
C69,FALSE,C69
722.6,TRUE,M51
F04,FALSE,F04
I2584,FALSE,I25
G914,FALSE,G91
G468,FALSE,G46
C571,FALSE,C57
575.1,TRUE,K83
M0510,FALSE,M05
Z86718,FALSE,Z86
H547,FALSE,H54
S32391D,FALSE,S32
S42018,FALSE,S42
300.4,TRUE,F41
361,TRUE,H35
518.81,TRUE,J96
N319,FALSE,N31
S4992,FALSE,S49
J15212,FALSE,J15
M4805,FALSE,M48
S52502D,FALSE,S52
I4430,FALSE,I44
S029,FALSE,S02
I6990,FALSE,I69
C73,FALSE,C73
M00012,FALSE,M00
F209,FALSE,F20
335.2,TRUE,G12
R630,FALSE,R63
S32029,FALSE,S32
334.1,TRUE,G11
T46,FALSE,T46
R18,FALSE,R18
G932,FALSE,G93
S0502XA,FALSE,S05
429,TRUE,I51
M4626,FALSE,M46
B028,FALSE,B02
I33,FALSE,I33
C753,FALSE,C75
N3090,FALSE,N30
S32591,FALSE,S32
T84021D,FALSE,T84
G58,FALSE,G58
G8254,FALSE,G82
I63232,FALSE,I63
S52021A,FALSE,S52
N49,FALSE,N49
D490,FALSE,D49
723,TRUE,M54
C661,FALSE,C66
I253,FALSE,I25
S2204,FALSE,S22
K529,FALSE,K52
M10061,FALSE,M10
K74,FALSE,K74
K44,FALSE,K44
Z87312,FALSE,Z87
N289,FALSE,N28
D49,FALSE,D49
S52022D,FALSE,S52
M86171,FALSE,M86
S22060,FALSE,S22
W18,FALSE,W18
C24,FALSE,C24
C4912,FALSE,C49
S12400A,FALSE,S12
A692,FALSE,A69
S066X0,FALSE,S06
G122,FALSE,G12
721.1,TRUE,M54
357,TRUE,G63
G119,FALSE,G11
P294,FALSE,P29
C8310,FALSE,C83
295,TRUE,F20
C179,FALSE,C17
M471,FALSE,M47
Z992,FALSE,Z99
H4011,FALSE,H40
J986,FALSE,J98
Z8551,FALSE,Z85
F2081,FALSE,F20
F79,FALSE,F79
G40319,FALSE,G40
G905,FALSE,G90
I713,FALSE,I71
R159,FALSE,R15
G408,FALSE,G40
M485,FALSE,M48
722.83,TRUE,M51
B4481,FALSE,B44
M80052,FALSE,M80
M25461,FALSE,M25
Z4732,FALSE,Z47
S322,FALSE,S32
J209,FALSE,J20
M544,FALSE,M54
M9918,FALSE,M99
F444,FALSE,F44
M5442,FALSE,M54
J188,FALSE,J18
I4901,FALSE,I49
L98499,FALSE,L98
I97821,FALSE,I97
721.41,TRUE,M54
G2582,FALSE,G25
D8689,FALSE,D86
E079,FALSE,E07
R56,FALSE,R56
Z944,FALSE,Z94
Q899,FALSE,Q89
C01,FALSE,C01
G40911,FALSE,G40
T8453,FALSE,T84
S0101XA,FALSE,S01
G129,FALSE,G12
D37,FALSE,D37
G710,FALSE,G71
Z9849,FALSE,Z98
S066X1A,FALSE,S06
M76899,FALSE,M76
M4606,FALSE,M46
I612,FALSE,I61
K58,FALSE,K58
K420,FALSE,K42
M25851,FALSE,M25
C45,FALSE,C45
E1151,FALSE,E11
R294,FALSE,R29
348.1,TRUE,G93
R0489,FALSE,R04
321,TRUE,G04
M5012,FALSE,M50
M7501,FALSE,M75
I770,FALSE,I77
C494,FALSE,C49
S3202,FALSE,S32
I635,FALSE,I63
G038,FALSE,G03
I63549,FALSE,I63
S03,FALSE,S03
N3001,FALSE,N30
C763,FALSE,C76
F1323,FALSE,F13
G4089,FALSE,G40
I82221,FALSE,I82
R65,FALSE,R65
E11621,FALSE,E11
G508,FALSE,G50
290.12,TRUE,F03
M80071D,FALSE,M80
M4840XS,FALSE,M48
C729,FALSE,C72
334,TRUE,G11
S42402,FALSE,S42
I32,FALSE,I32
K5793,FALSE,K57
G219,FALSE,G21
K75,FALSE,K75
C4A,FALSE,C4A
R931,FALSE,R93
335.1,TRUE,G12
G9731,FALSE,G97
C9002,FALSE,C90
L89620,FALSE,L89
I69054,FALSE,I69
I5181,FALSE,I51
F10129,FALSE,F10
M533,FALSE,M53
369.01,TRUE,H54
C3431,FALSE,C34
H8113,FALSE,H81
C030,FALSE,C03
N3041,FALSE,N30
729.1,TRUE,M79
C713,FALSE,C71
C8280,FALSE,C82
B91,FALSE,B91
I63542,FALSE,I63
Z430,FALSE,Z43
C495,FALSE,C49
K8063,FALSE,K80
M4125,FALSE,M41
G608,FALSE,G60
359,TRUE,G72
I719,FALSE,I71
S5257,FALSE,S52
E54,FALSE,E54
L03119,FALSE,L03
I671,FALSE,I67
M80052A,FALSE,M80
724.2,TRUE,M54
S32020A,FALSE,S32
S32018D,FALSE,S32
N492,FALSE,N49
M08,FALSE,M08
M750,FALSE,M75
I469,FALSE,I46
I24,FALSE,I24
205.8,TRUE,C92
S93,FALSE,S93
J988,FALSE,J98
L89130,FALSE,L89
M1A,FALSE,M1A
F250,FALSE,F25
G579,FALSE,G57
Z96661,FALSE,Z96
S329XXD,FALSE,S32
I6910,FALSE,I69
C7A1,FALSE,C7A
I25118,FALSE,I25
C089,FALSE,C08
F602,FALSE,F60
E859,FALSE,E85
C499,FALSE,C49
M4186,FALSE,M41
L76,FALSE,L76
K598,FALSE,K59
K460,FALSE,K46
M19019,FALSE,M19
C154,FALSE,C15
P543,FALSE,P54
G822,FALSE,G82
M5105,FALSE,M51
T68,FALSE,T68
J918,FALSE,J91
Z96653,FALSE,Z96
C7949,FALSE,C79
T84068S,FALSE,T84
T1491,FALSE,T14
820.09,TRUE,S72
M432,FALSE,M43
K862,FALSE,K86
D6852,FALSE,D68
M1710,FALSE,M17
S42142D,FALSE,S42
K7030,FALSE,K70
M4842,FALSE,M48
I260,FALSE,I26
R040,FALSE,R04
334.3,TRUE,G11
C919,FALSE,C91
Z433,FALSE,Z43
H34812,FALSE,H34
M80061D,FALSE,M80
J84115,FALSE,J84
C641,FALSE,C64
G062,FALSE,G06
716.9,TRUE,M25
M4716,FALSE,M47
M8088XD,FALSE,M80
H4423,FALSE,H44
S46092D,FALSE,S46
Z87828,FALSE,Z87
R258,FALSE,R25
M4620,FALSE,M46
D684,FALSE,D68
C53,FALSE,C53
C712,FALSE,C71
J16,FALSE,J16
Z9889,FALSE,Z98
L88,FALSE,L88
N200,FALSE,N20
S32411D,FALSE,S32
S300XXD,FALSE,S30
I69959,FALSE,I69
S43004,FALSE,S43
R35,FALSE,R35
I6985,FALSE,I69
D487,FALSE,D48
K225,FALSE,K22
I82401,FALSE,I82
M84372,FALSE,M84
K421,FALSE,K42
M8440XA,FALSE,M84
N300,FALSE,N30
369,TRUE,H54
F331,FALSE,F33
M2126,FALSE,M21
I87313,FALSE,I87
M2550,FALSE,M25
41.9,FALSE,41
C574,FALSE,C57
M4622,FALSE,M46
S52551D,FALSE,S52
434.11,TRUE,I63
S5202,FALSE,S52
431,TRUE,I61
D492,FALSE,D49
C254,FALSE,C25
E1129,FALSE,E11
C4021,FALSE,C40
L9781,FALSE,L97
323,TRUE,G04
I63139,FALSE,I63
C780,FALSE,C78
M25561,FALSE,M25
M5418,FALSE,M54
H18899,FALSE,H18
K519,FALSE,K51
I453,FALSE,I45
Z89611,FALSE,Z89
E110,FALSE,E11
M8002,FALSE,M80
J45909,FALSE,J45
D86,FALSE,D86
564.1,TRUE,K59
C300,FALSE,C30
G96,FALSE,G96
B0222,FALSE,B02
N139,FALSE,N13
Z9665,FALSE,Z96
I63439,FALSE,I63
C642,FALSE,C64
M5440,FALSE,M54
E063,FALSE,E06
C023,FALSE,C02
Z8042,FALSE,Z80
S141,FALSE,S14
G901,FALSE,G90
G500,FALSE,G50
S09,FALSE,S09
I69154,FALSE,I69
J47,FALSE,J47
R489,FALSE,R48
854,TRUE,S06
R0902,FALSE,R09
T8131XA,FALSE,T81
C329,FALSE,C32
K43,FALSE,K43
S32000S,FALSE,S32
E115,FALSE,E11
Z208,FALSE,Z20
M954,FALSE,M95
C784,FALSE,C78
F062,FALSE,F06
C649,FALSE,C64
M4306,FALSE,M43
G892,FALSE,G89
M8487,FALSE,M84
D30,FALSE,D30
M4690,FALSE,M46
I69198,FALSE,I69
R918,FALSE,R91
K651,FALSE,K65
S22040,FALSE,S22
M844,FALSE,M84
K631,FALSE,K63
F51,FALSE,F51
710.4,TRUE,M35
M4317,FALSE,M43
F84,FALSE,F84
J45,FALSE,J45
K12,FALSE,K12
C32,FALSE,C32
K5100,FALSE,K51
C8589,FALSE,C85
M66,FALSE,M66
I69298,FALSE,I69
J95,FALSE,J95
I7100,FALSE,I71
342.12,TRUE,G81
S2232XA,FALSE,S22
L891,FALSE,L89
S42231,FALSE,S42
S43024D,FALSE,S43
M79673,FALSE,M79
T85,FALSE,T85
I607,FALSE,I60
J15,FALSE,J15
M0680,FALSE,M06
G3189,FALSE,G31
M25859,FALSE,M25
M84454,FALSE,M84
B95,FALSE,B95
C700,FALSE,C70
H3521,FALSE,H35
S42252D,FALSE,S42
S508,FALSE,S50
I69320,FALSE,I69
M19041,FALSE,M19
J8481,FALSE,J84
F060,FALSE,F06
M40209,FALSE,M40
J10,FALSE,J10
G9589,FALSE,G95
M4320,FALSE,M43
154,TRUE,C19
M609,FALSE,M60
81.8,TRUE,0SR
M509,FALSE,M50
M861,FALSE,M86
I2782,FALSE,I27
M86671,FALSE,M86
S06301D,FALSE,S06
L97509,FALSE,L97
S065X3D,FALSE,S06
L97512,FALSE,L97
K819,FALSE,K81
I678,FALSE,I67
432.9,TRUE,I62
S065X0D,FALSE,S06
V58.78,FALSE,V58
K433,FALSE,K43
R482,FALSE,R48
S142,FALSE,S14
G2119,FALSE,G21
G06,FALSE,G06
S32018A,FALSE,S32
M67,FALSE,M67
I256,FALSE,I25
I2581,FALSE,I25
T8351,FALSE,T83
Z4800,FALSE,Z48
S270,FALSE,S27
E116,FALSE,E11
H43812,FALSE,H43
G9050,FALSE,G90
S42121,FALSE,S42
S0635,FALSE,S06
M80051,FALSE,M80
S062X1,FALSE,S06
J41,FALSE,J41
C959,FALSE,C95
M129,FALSE,M12
725,TRUE,M79
K50913,FALSE,K50
M2546,FALSE,M25
R350,FALSE,R35
C9030,FALSE,C90
N3281,FALSE,N32
M14672,FALSE,M14
M84412,FALSE,M84
T50901A,FALSE,T50
K224,FALSE,K22
Z8619,FALSE,Z86
S42309,FALSE,S42
F313,FALSE,F31
331.7,TRUE,G31
M5117,FALSE,M51
N946,FALSE,N94
Z12,FALSE,Z12
Z942,FALSE,Z94
S3281,FALSE,S32
I63012,FALSE,I63
S43012D,FALSE,S43
J20,FALSE,J20
I716,FALSE,I71
Z09,FALSE,Z09
R9082,FALSE,R90
S42401,FALSE,S42
S52572A,FALSE,S52
S063,FALSE,S06
C81,FALSE,C81
D591,FALSE,D59
C9590,FALSE,C95
S22009D,FALSE,S22
Z89612,FALSE,Z89
C07,FALSE,C07
K63,FALSE,K63
Z0001,FALSE,Z00
R319,FALSE,R31
D7282,FALSE,D72
I6900,FALSE,I69
N359,FALSE,N35
G0490,FALSE,G04
S32810,FALSE,S32
333.4,TRUE,G25
S1093,FALSE,S10
I82402,FALSE,I82
S52502,FALSE,S52
N3020,FALSE,N30
S3421,FALSE,S34
G448,FALSE,G44
C19,FALSE,C19
331.1,TRUE,G31
Z93,FALSE,Z93
S520,FALSE,S52
571.9,TRUE,K76
S42401A,FALSE,S42
M7522,FALSE,M75
C3432,FALSE,C34
M80072,FALSE,M80
852.2,TRUE,S06
M4005,FALSE,M40
F102,FALSE,F10
H47149,FALSE,H47
G249,FALSE,G24
G111,FALSE,G11
806.19,TRUE,S12
D09,FALSE,D09
I70262,FALSE,I70
N28,FALSE,N28
S32031D,FALSE,S32
S06369,FALSE,S06
M25551,FALSE,M25
C710,FALSE,C71
M546,FALSE,M54
K3184,FALSE,K31
I342,FALSE,I34
G911,FALSE,G91
L95,FALSE,L95
G3181,FALSE,G31
I6349,FALSE,I63
R0600,FALSE,R06
M532,FALSE,M53
S14129A,FALSE,S14
K450,FALSE,K45
S062X9D,FALSE,S06
T8459,FALSE,T84
K820,FALSE,K82
S2241,FALSE,S22
K5732,FALSE,K57
C8331,FALSE,C83
L4053,FALSE,L40
S2220XD,FALSE,S22
S39,FALSE,S39
C880,FALSE,C88
F322,FALSE,F32
G53,FALSE,G53
V892,FALSE,V89
S140XXD,FALSE,S14
S32050,FALSE,S32
S13120D,FALSE,S13
I6915,FALSE,I69
335.24,TRUE,G12
781.3,TRUE,R26
E1169,FALSE,E11
M80032D,FALSE,M80
M4624,FALSE,M46
M8589,FALSE,M85
C240,FALSE,C24
G031,FALSE,G03
G9529,FALSE,G95
B349,FALSE,B34
174,TRUE,C50
430,TRUE,I60
I2582,FALSE,I25
335.19,TRUE,G12
C159,FALSE,C15
C775,FALSE,C77
C482,FALSE,C48
J155,FALSE,J15
S080XXS,FALSE,S08
T8450XA,FALSE,T84
S42411,FALSE,S42
G44,FALSE,G44
C163,FALSE,C16
E0940,FALSE,E09
M67919,FALSE,M67
H3552,FALSE,H35
K55,FALSE,K55
S5200,FALSE,S52
K76,FALSE,K76
Z905,FALSE,Z90
I63519,FALSE,I63
Z8546,FALSE,Z85
S0003,FALSE,S00
Z958,FALSE,Z95
G454,FALSE,G45
438.82,TRUE,I69
438.11,TRUE,I69
E04,FALSE,E04
C481,FALSE,C48
S0240,FALSE,S02
Z961,FALSE,Z96
R49,FALSE,R49
G8102,FALSE,G81
I240,FALSE,I24
C779,FALSE,C77
K279,FALSE,K27
H9190,FALSE,H91
R44,FALSE,R44
825.25,TRUE,S82
E0590,FALSE,E05
Z8262,FALSE,Z82
L97829,FALSE,L97
M01X11,FALSE,M01
M706,FALSE,M70
F5101,FALSE,F51
D51,FALSE,D51
Z960,FALSE,Z96
E722,FALSE,E72
E11311,FALSE,E11
S328,FALSE,S32
M623,FALSE,M62
M7051,FALSE,M70
F323,FALSE,F32
S3203,FALSE,S32
N3941,FALSE,N39
Z8612,FALSE,Z86
721.9,TRUE,M54
S3241,FALSE,S32
244.9,TRUE,E03
298.9,TRUE,F29
C4491,FALSE,C44
F321,FALSE,F32
F39,FALSE,F39
I698,FALSE,I69
M8455,FALSE,M84
174.8,TRUE,C50
M9983,FALSE,M99
M0800,FALSE,M08
Z86711,FALSE,Z86
F20,FALSE,F20
G839,FALSE,G83
K2270,FALSE,K22
287.5,TRUE,D69
M6256,FALSE,M62
M25531,FALSE,M25
203,TRUE,C90
H90,FALSE,H90
C70,FALSE,C70
R1312,FALSE,R13
S5250,FALSE,S52
R110,FALSE,R11
B9620,FALSE,B96
S32501,FALSE,S32
F4310,FALSE,F43
Z11,FALSE,Z11
Z13,FALSE,Z13
R778,FALSE,R77
I69991,FALSE,I69
L12,FALSE,L12
R102,FALSE,R10
C509,FALSE,C50
N81,FALSE,N81
F349,FALSE,F34
D848,FALSE,D84
M4040,FALSE,M40
R451,FALSE,R45
F0631,FALSE,F06
300,TRUE,F41
E21,FALSE,E21
369.4,TRUE,H54
M625,FALSE,M62
M95,FALSE,M95
R63,FALSE,R63
F59,FALSE,F59
733.09,TRUE,M81
I973,FALSE,I97
K209,FALSE,K20
M84550A,FALSE,M84
S028,FALSE,S02
M25022,FALSE,M25
F600,FALSE,F60
959.01,TRUE,S00
G473,FALSE,G47
I6521,FALSE,I65
R402,FALSE,R40
F330,FALSE,F33
R20,FALSE,R20
183,TRUE,C56
F0630,FALSE,F06
M62571,FALSE,M62
M05611,FALSE,M05
A09,FALSE,A09
I479,FALSE,I47
S52201,FALSE,S52
276.1,TRUE,E87
Z998,FALSE,Z99
H34,FALSE,H34
Z895,FALSE,Z89
T82591A,FALSE,T82
K5701,FALSE,K57
R031,FALSE,R03
I2542,FALSE,I25
H35351,FALSE,H35
L02211,FALSE,L02
J210,FALSE,J21
I70248,FALSE,I70
G620,FALSE,G62
E23,FALSE,E23
B9561,FALSE,B95
733.01,TRUE,M81
E2749,FALSE,E27
G8921,FALSE,G89
S98,FALSE,S98
C773,FALSE,C77
Z8679,FALSE,Z86
A42,FALSE,A42
L53,FALSE,L53
432,TRUE,I62
L639,FALSE,L63
I495,FALSE,I49
M62551,FALSE,M62
Z136,FALSE,Z13
J841,FALSE,J84
E53,FALSE,E53
H47013,FALSE,H47
493,TRUE,J45
Z867,FALSE,Z86
I159,FALSE,I15
M7512,FALSE,M75
355.9,TRUE,G60
722,TRUE,M51
Z46,FALSE,Z46
K580,FALSE,K58
G910,FALSE,G91
I69891,FALSE,I69
Z8701,FALSE,Z87
B662,FALSE,B66
787.2,TRUE,R11
D83,FALSE,D83
N3946,FALSE,N39
F3130,FALSE,F31
I6529,FALSE,I65
I481,FALSE,I48
N39498,FALSE,N39
S52352,FALSE,S52
M71,FALSE,M71
G255,FALSE,G25
K439,FALSE,K43
M859,FALSE,M85
J00,FALSE,J00
443.89,TRUE,I73
K559,FALSE,K55
R8290,FALSE,R82
P833,FALSE,P83
S42002A,FALSE,S42
G893,FALSE,G89
I209,FALSE,I20
T63,FALSE,T63
R3981,FALSE,R39
G891,FALSE,G89
M25572,FALSE,M25
K250,FALSE,K25
F22,FALSE,F22
Q782,FALSE,Q78
T83,FALSE,T83
B66,FALSE,B66
F801,FALSE,F80
R454,FALSE,R45
D696,FALSE,D69
I69353,FALSE,I69
H5500,FALSE,H55
A69,FALSE,A69
170.2,TRUE,C41
R01,FALSE,R01
T80212,FALSE,T80
I43,FALSE,I43
M265,FALSE,M26
783.21,TRUE,R63
M79606,FALSE,M79
M3500,FALSE,M35
S32509A,FALSE,S32
S060,FALSE,S06
M13849,FALSE,M13
M79604,FALSE,M79
Q632,FALSE,Q63
285.9,TRUE,D64
M13852,FALSE,M13
729.2,TRUE,M79
429.9,TRUE,I51
E8352,FALSE,E83
S22000D,FALSE,S22
M791,FALSE,M79
I69828,FALSE,I69
F1027,FALSE,F10
C782,FALSE,C78
M793,FALSE,M79
R41844,FALSE,R41
G312,FALSE,G31
M2137,FALSE,M21
388.4,TRUE,H93
R279,FALSE,R27
E662,FALSE,E66
E668,FALSE,E66
G36,FALSE,G36
S5253,FALSE,S52
F34,FALSE,F34
I728,FALSE,I72
C7A090,FALSE,C7A
M629,FALSE,M62
I6995,FALSE,I69
S22089,FALSE,S22
R46,FALSE,R46
J91,FALSE,J91
M76829,FALSE,M76
M9908,FALSE,M99
L821,FALSE,L82
E88,FALSE,E88
Z7401,FALSE,Z74
H91,FALSE,H91
S42351D,FALSE,S42
Z741,FALSE,Z74
586,TRUE,N18
M11262,FALSE,M11
K3189,FALSE,K31
M62830,FALSE,M62
727.66,TRUE,M66
J432,FALSE,J43
R011,FALSE,R01
R060,FALSE,R06
M88,FALSE,M88
E089,FALSE,E08
K589,FALSE,K58
M10,FALSE,M10
G060,FALSE,G06
714,TRUE,M06
I79,FALSE,I79
E105,FALSE,E10
D36,FALSE,D36
G4752,FALSE,G47
Z740,FALSE,Z74
K5790,FALSE,K57
S52532A,FALSE,S52
G51,FALSE,G51
F0634,FALSE,F06
I69920,FALSE,I69
H9313,FALSE,H93
B182,FALSE,B18
S23163S,FALSE,S23
E22,FALSE,E22
M146,FALSE,M14
J301,FALSE,J30
M2352,FALSE,M23
438.4,TRUE,I69
F4320,FALSE,F43
K90,FALSE,K90
D630,FALSE,D63
S3205,FALSE,S32
I257,FALSE,I25
S2239,FALSE,S22
E861,FALSE,E86
S52501A,FALSE,S52
Z8669,FALSE,Z86
S2249XD,FALSE,S22
Z8782,FALSE,Z87
M53,FALSE,M53
T84051,FALSE,T84
M84331,FALSE,M84
S32059D,FALSE,S32
M189,FALSE,M18
M158,FALSE,M15
460,TRUE,J00
G439,FALSE,G43
I69820,FALSE,I69
786.09,TRUE,R06
Z97,FALSE,Z97
H01009,FALSE,H01
I07,FALSE,I07
584,TRUE,N17
I82502,FALSE,I82
M4692,FALSE,M46
M62562,FALSE,M62
F4321,FALSE,F43
M2106,FALSE,M21
G4041,FALSE,G40
I359,FALSE,I35
R31,FALSE,R31
K4031,FALSE,K40
E559,FALSE,E55
331.3,TRUE,G31
M479,FALSE,M47
784.3,TRUE,R49
M66351,FALSE,M66
S36,FALSE,S36
R39,FALSE,R39
R45,FALSE,R45
736.79,TRUE,M24
Y71,FALSE,Y71
I6522,FALSE,I65
I69091,FALSE,I69
I669,FALSE,I66
F3160,FALSE,F31
C4022,FALSE,C40
592,TRUE,N20
C4492,FALSE,C44
T8403,FALSE,T84
M84373,FALSE,M84
T730XXA,FALSE,T73
G83,FALSE,G83
G248,FALSE,G24
E784,FALSE,E78
C7989,FALSE,C79
N15,FALSE,N15
M13831,FALSE,M13
M472,FALSE,M47
R443,FALSE,R44
Z45,FALSE,Z45
H900,FALSE,H90
I730,FALSE,I73
Z89622,FALSE,Z89
S42212,FALSE,S42
H904,FALSE,H90
M79601,FALSE,M79
K5090,FALSE,K50
I745,FALSE,I74
S5291,FALSE,S52
M172,FALSE,M17
M4987,FALSE,M49
K869,FALSE,K86
Q059,FALSE,Q05
E162,FALSE,E16
Z436,FALSE,Z43
I501,FALSE,I50
F063,FALSE,F06
M2040,FALSE,M20
492,TRUE,J45
G6281,FALSE,G62
L89894,FALSE,L89
S06360S,FALSE,S06
733.13,TRUE,M81
S4229,FALSE,S42
Z6825,FALSE,Z68
I652,FALSE,I65
I060,FALSE,I06
M24542,FALSE,M24
Z01810,FALSE,Z01
716,TRUE,M25
I313,FALSE,I31
I348,FALSE,I34
330,TRUE,F84
M701,FALSE,M70
L59,FALSE,L59
244,TRUE,E03
E1159,FALSE,E11
Z89422,FALSE,Z89
I82413,FALSE,I82
M1732,FALSE,M17
M1000,FALSE,M10
S41,FALSE,S41
R072,FALSE,R07
350.1,TRUE,G50
C44621,FALSE,C44
L4050,FALSE,L40
S004,FALSE,S00
I69344,FALSE,I69
Z859,FALSE,Z85
K311,FALSE,K31
T6481XD,FALSE,T64
R442,FALSE,R44
D80,FALSE,D80
J309,FALSE,J30
E099,FALSE,E09
D569,FALSE,D56
S0102,FALSE,S01
Z431,FALSE,Z43
F849,FALSE,F84
F802,FALSE,F80
S32040S,FALSE,S32
H539,FALSE,H53
K83,FALSE,K83
M10071,FALSE,M10
E441,FALSE,E44
R197,FALSE,R19
M6136,FALSE,M61
I28,FALSE,I28
G5602,FALSE,G56
R638,FALSE,R63
R29810,FALSE,R29
I39,FALSE,I39
S32030A,FALSE,S32
333,TRUE,G25
722.1,TRUE,M51
L89893,FALSE,L89
424,TRUE,I34
E16,FALSE,E16
M512,FALSE,M51
F410,FALSE,F41
M720,FALSE,M72
I70209,FALSE,I70
M8456,FALSE,M84
882.1,TRUE,S61
F311,FALSE,F31
Z98818,FALSE,Z98
R1900,FALSE,R19
F60,FALSE,F60
I6503,FALSE,I65
R130,FALSE,R13
Q770,FALSE,Q77
H4014,FALSE,H40
Z736,FALSE,Z73
I340,FALSE,I34
C68,FALSE,C68
C4442,FALSE,C44
I6981,FALSE,I69
M1023,FALSE,M10
S06309,FALSE,S06
I63431,FALSE,I63
I87303,FALSE,I87
D701,FALSE,D70
I69321,FALSE,I69
F80,FALSE,F80
R259,FALSE,R25
R6889,FALSE,R68
C620,FALSE,C62
205,TRUE,C92
M511,FALSE,M51
J22,FALSE,J22
G4751,FALSE,G47
M8975,FALSE,M89
458,TRUE,I95
E034,FALSE,E03
M65,FALSE,M65
M4185,FALSE,M41
S52514D,FALSE,S52
L039,FALSE,L03
F334,FALSE,F33
I31,FALSE,I31
I8290,FALSE,I82
G54,FALSE,G54
S066X0S,FALSE,S06
Z7689,FALSE,Z76
M4644,FALSE,M46
F320,FALSE,F32
L0231,FALSE,L02
Z1231,FALSE,Z12
I23,FALSE,I23
T796,FALSE,T79
E0865,FALSE,E08
C5041,FALSE,C50
I09,FALSE,I09
M87851,FALSE,M87
342.92,TRUE,G81
840.4,TRUE,S83
M868X7,FALSE,M86
J157,FALSE,J15
Z856,FALSE,Z85
726.12,TRUE,M75
K921,FALSE,K92
G4761,FALSE,G47
S42209K,FALSE,S42
G722,FALSE,G72
R7989,FALSE,R79
Q8781,FALSE,Q87
D509,FALSE,D50
453.9,TRUE,I82
360.21,TRUE,H44
S064X0D,FALSE,S06
I69361,FALSE,I69
585,TRUE,N18
J39,FALSE,J39
J961,FALSE,J96
S85,FALSE,S85
G52,FALSE,G52
E786,FALSE,E78
M62542,FALSE,M62
C028,FALSE,C02
G80,FALSE,G80
L893,FALSE,L89
C57,FALSE,C57
C449,FALSE,C44
278.01,TRUE,E66
300.3,TRUE,F42
682.2,TRUE,L03
L0311,FALSE,L03
I131,FALSE,I13
M19272,FALSE,M19
R45850,FALSE,R45
C211,FALSE,C21
N823,FALSE,N82
Q8789,FALSE,Q87
R36,FALSE,R36
M4310,FALSE,M43
719.4,TRUE,M25
Z932,FALSE,Z93
M816,FALSE,M81
G26,FALSE,G26
R94,FALSE,R94
M6283,FALSE,M62
K9409,FALSE,K94
R4702,FALSE,R47
I66,FALSE,I66
M8445,FALSE,M84
I69852,FALSE,I69
D72829,FALSE,D72
M63,FALSE,M63
G470,FALSE,G47
G379,FALSE,G37
R456,FALSE,R45
I6502,FALSE,I65
G112,FALSE,G11
296.23,TRUE,F31
E059,FALSE,E05
Q2730,FALSE,Q27
L97822,FALSE,L97
B9562,FALSE,B95
T148,FALSE,T14
A410,FALSE,A41
L03311,FALSE,L03
J32,FALSE,J32
225.2,TRUE,D33
331.4,TRUE,G31
F71,FALSE,F71
M503,FALSE,M50
E89,FALSE,E89
I952,FALSE,I95
S020,FALSE,S02
596.54,TRUE,N32
O07,FALSE,O07
J939,FALSE,J93
R224,FALSE,R22
C946,FALSE,C94
451.2,TRUE,I80
433.1,TRUE,I65
I69993,FALSE,I69
402.9,TRUE,I11
G560,FALSE,G56
G43919,FALSE,G43
M6529,FALSE,M65
E83,FALSE,E83
414.01,TRUE,I25
M7741,FALSE,M77
H5441,FALSE,H54
C720,FALSE,C72
M8080,FALSE,M80
F413,FALSE,F41
K227,FALSE,K22
P721,FALSE,P72
C76,FALSE,C76
S32501A,FALSE,S32
R530,FALSE,R53
Z939,FALSE,Z93
784.5,TRUE,R05
R2242,FALSE,R22
D0511,FALSE,D05
S13150A,FALSE,S13
A403,FALSE,A40
780.4,TRUE,R41
J851,FALSE,J85
R570,FALSE,R57
G548,FALSE,G54
M84463A,FALSE,M84
438.1,TRUE,I69
Z2082,FALSE,Z20
S20,FALSE,S20
G819,FALSE,G81
C7802,FALSE,C78
S42291,FALSE,S42
D35,FALSE,D35
715.95,TRUE,M19
729.5,TRUE,M79
M4328,FALSE,M43
K5000,FALSE,K50
M23,FALSE,M23
Z20828,FALSE,Z20
M31,FALSE,M31
H1132,FALSE,H11
C50119,FALSE,C50
F605,FALSE,F60
I8393,FALSE,I83
345,TRUE,G40
707,TRUE,L89
E1040,FALSE,E10
D242,FALSE,D24
S42411D,FALSE,S42
A401,FALSE,A40
H8139,FALSE,H81
G479,FALSE,G47
Z936,FALSE,Z93
S3901,FALSE,S39
957.1,TRUE,S00
V43,FALSE,V43
J438,FALSE,J43
G09,FALSE,G09
G4700,FALSE,G47
K269,FALSE,K26
S42354K,FALSE,S42
D46C,FALSE,D46
R632,FALSE,R63
B961,FALSE,B96
I051,FALSE,I05
R481,FALSE,R48
M8005,FALSE,M80
Z902,FALSE,Z90
Z86010,FALSE,Z86
H61,FALSE,H61
S2243,FALSE,S22
G5632,FALSE,G56
G7111,FALSE,G71
427.9,TRUE,I49
S4292,FALSE,S42
D7289,FALSE,D72
R78,FALSE,R78
333.99,TRUE,G25
275.42,TRUE,E83
M25571,FALSE,M25
M1180,FALSE,M11
I959,FALSE,I95
L89151,FALSE,L89
A499,FALSE,A49
F3111,FALSE,F31
Z8659,FALSE,Z86
278,TRUE,E66
M0606,FALSE,M06
250.6,TRUE,E11
F101,FALSE,F10
M25661,FALSE,M25
I2583,FALSE,I25
365,TRUE,H40
I97131,FALSE,I97
G404,FALSE,G40
I69851,FALSE,I69
G8252,FALSE,G82
600.01,TRUE,N40
H542,FALSE,H54
M4180,FALSE,M41
E1143,FALSE,E11
J392,FALSE,J39
S22079A,FALSE,S22
E56,FALSE,E56
M213,FALSE,M21
S42221D,FALSE,S42
I6302,FALSE,I63
D473,FALSE,D47
E538,FALSE,E53
H4010,FALSE,H40
G244,FALSE,G24
C9190,FALSE,C91
R946,FALSE,R94
N8110,FALSE,N81
M7582,FALSE,M75
G450,FALSE,G45
S34,FALSE,S34
C662,FALSE,C66
M47813,FALSE,M47
A4901,FALSE,A49
M2662,FALSE,M26
G509,FALSE,G50
I2609,FALSE,I26
S5292,FALSE,S52
Z96643,FALSE,Z96
M8080XA,FALSE,M80
M8511,FALSE,M85
I69120,FALSE,I69
M620,FALSE,M62
320.3,TRUE,G00
342,TRUE,G81
L81,FALSE,L81
Z89512,FALSE,Z89
M8431,FALSE,M84
F07,FALSE,F07
M85811,FALSE,M85
437.9,TRUE,I67
349.89,TRUE,G96
562,TRUE,K62
Z7901,FALSE,Z79
S32059,FALSE,S32
295.7,TRUE,F20
443.9,TRUE,I73
S60,FALSE,S60
M86042,FALSE,M86
297.9,TRUE,F29
M84559,FALSE,M84
C3400,FALSE,C34
820.1,TRUE,S72
C7982,FALSE,C79
R2990,FALSE,R29
I69193,FALSE,I69
N3944,FALSE,N39
I824Y1,FALSE,I82
T8404,FALSE,T84
H3111,FALSE,H31
C8204,FALSE,C82
356.4,TRUE,G60
M00051,FALSE,M00
F338,FALSE,F33
M8588,FALSE,M85
Z9183,FALSE,Z91
Q15,FALSE,Q15
D6832,FALSE,D68
C02,FALSE,C02
M24541,FALSE,M24
820.19,TRUE,S72
R680,FALSE,R68
M47892,FALSE,M47
M5186,FALSE,M51
E67,FALSE,E67
R414,FALSE,R41
H903,FALSE,H90
R298,FALSE,R29
G930,FALSE,G93
S068,FALSE,S06
E872,FALSE,E87
E349,FALSE,E34
M2520,FALSE,M25
I673,FALSE,I67
I158,FALSE,I15
R50,FALSE,R50
D47,FALSE,D47
E1340,FALSE,E13
M71111,FALSE,M71
S023,FALSE,S02
Z40,FALSE,Z40
M20,FALSE,M20
Z85830,FALSE,Z85
M8668,FALSE,M86
Z8671,FALSE,Z86
L97819,FALSE,L97
M8530,FALSE,M85
H4430,FALSE,H44
D6869,FALSE,D68
S59,FALSE,S59
M47894,FALSE,M47
F44,FALSE,F44
E222,FALSE,E22
H269,FALSE,H26
I400,FALSE,I40
S32038D,FALSE,S32
250.02,TRUE,E11
I69322,FALSE,I69
S42202A,FALSE,S42
K31,FALSE,K31
185,TRUE,C61
728.85,TRUE,M62
Q76,FALSE,Q76
K900,FALSE,K90
J45901,FALSE,J45
716.41,TRUE,M25
E114,FALSE,E11
782,TRUE,R23
E835,FALSE,E83
T87,FALSE,T87
L579,FALSE,L57
D61818,FALSE,D61
365.9,TRUE,H40
E819,FALSE,E81
38.9,FALSE,38
H476,FALSE,H47
H53462,FALSE,H53
N990,FALSE,N99
M462,FALSE,M46
R188,FALSE,R18
303.93,TRUE,F10
K2970,FALSE,K29
J82,FALSE,J82
S42034A,FALSE,S42
M12812,FALSE,M12
E07,FALSE,E07
K261,FALSE,K26
G5701,FALSE,G57
E703,FALSE,E70
D89,FALSE,D89
S0101,FALSE,S01
D25,FALSE,D25
J1289,FALSE,J12
C678,FALSE,C67
J4590,FALSE,J45
Q64,FALSE,Q64
S32432,FALSE,S32
M6790,FALSE,M67
M1731,FALSE,M17
A08,FALSE,A08
M008,FALSE,M00
L89152,FALSE,L89
A319,FALSE,A31
D381,FALSE,D38
R252,FALSE,R25
E8801,FALSE,E88
K746,FALSE,K74
K710,FALSE,K71
F3132,FALSE,F31
I77810,FALSE,I77
J21,FALSE,J21
N009,FALSE,N00
C921,FALSE,C92
S42291A,FALSE,S42
M7989,FALSE,M79
Z94,FALSE,Z94
A92,FALSE,A92
I238,FALSE,I23
T50901D,FALSE,T50
N8184,FALSE,N81
C781,FALSE,C78
I22,FALSE,I22
H53469,FALSE,H53
C099,FALSE,C09
M1907,FALSE,M19
I724,FALSE,I72
T86841,FALSE,T86
I7101,FALSE,I71
K6289,FALSE,K62
T50905,FALSE,T50
272.4,TRUE,E78
Z903,FALSE,Z90
M460,FALSE,M46
H264,FALSE,H26
M1610,FALSE,M16
M8458XD,FALSE,M84
M60,FALSE,M60
I63219,FALSE,I63
S0291XA,FALSE,S02
G40009,FALSE,G40
D638,FALSE,D63
S42302,FALSE,S42
R4586,FALSE,R45
S3219,FALSE,S32
D70,FALSE,D70
Z87310,FALSE,Z87
R636,FALSE,R63
G8312,FALSE,G83
J9811,FALSE,J98
M25811,FALSE,M25
M4982,FALSE,M49
P8330,FALSE,P83
M1289,FALSE,M12
I083,FALSE,I08
S2222,FALSE,S22
S22029,FALSE,S22
F48,FALSE,F48
L941,FALSE,L94
S42002D,FALSE,S42
G43909,FALSE,G43
M7967,FALSE,M79
S42017D,FALSE,S42
M3320,FALSE,M33
F3342,FALSE,F33
R3914,FALSE,R39
C562,FALSE,C56
865.02,TRUE,S36
M5020,FALSE,M50
M5002,FALSE,M50
S3211,FALSE,S32
R4781,FALSE,R47
R10,FALSE,R10
S1210,FALSE,S12
S42032D,FALSE,S42
I9589,FALSE,I95
N329,FALSE,N32
386.2,TRUE,H83
E02,FALSE,E02
S41112D,FALSE,S41
583.9,TRUE,N04
780.51,TRUE,R41
F0781,FALSE,F07
310.1,TRUE,F06
E8341,FALSE,E83
K551,FALSE,K55
296.32,TRUE,F31
Z51,FALSE,Z51
M238,FALSE,M23
M21162,FALSE,M21
L89153,FALSE,L89
N60,FALSE,N60
162.9,TRUE,C34
N952,FALSE,N95
W19XXXA,FALSE,W19
S06320,FALSE,S06
F3162,FALSE,F31
I791,FALSE,I79
M712,FALSE,M71
A9230,FALSE,A92
S12600A,FALSE,S12
D693,FALSE,D69
H59,FALSE,H59
L089,FALSE,L08
I778,FALSE,I77
41,TRUE,Z21
Z7389,FALSE,Z73
M79671,FALSE,M79
I616,FALSE,I61
M1007,FALSE,M10
G5630,FALSE,G56
M009,FALSE,M00
I72,FALSE,I72
C04,FALSE,C04
N136,FALSE,N13
N318,FALSE,N31
C7801,FALSE,C78
M258,FALSE,M25
K573,FALSE,K57
M25611,FALSE,M25
348.3,TRUE,G93
L71,FALSE,L71
H10,FALSE,H10
G8332,FALSE,G83
T33829A,FALSE,T33
S069X0D,FALSE,S06
707.05,TRUE,L89
R4585,FALSE,R45
R112,FALSE,R11
S32029A,FALSE,S32
G458,FALSE,G45
M3390,FALSE,M33
E7522,FALSE,E75
R77,FALSE,R77
R431,FALSE,R43
S42255,FALSE,S42
S42252,FALSE,S42
S42451,FALSE,S42
C48,FALSE,C48
M5124,FALSE,M51
202,TRUE,C85
M4986,FALSE,M49
K668,FALSE,K66
I080,FALSE,I08
I83,FALSE,I83
H532,FALSE,H53
I279,FALSE,I27
I6902,FALSE,I69
J4520,FALSE,J45
303,TRUE,F10
M8660,FALSE,M86
F1021,FALSE,F10
D68311,FALSE,D68
C7A8,FALSE,C7A
M67864,FALSE,M67
M86141,FALSE,M86
F98,FALSE,F98
N049,FALSE,N04
B0052,FALSE,B00
E70331,FALSE,E70
L603,FALSE,L60
K8081,FALSE,K80
K560,FALSE,K56
C140,FALSE,C14
G8104,FALSE,G81
J151,FALSE,J15
W06,FALSE,W06
L97919,FALSE,L97
M40204,FALSE,M40
Z9189,FALSE,Z91
M25522,FALSE,M25
438.2,TRUE,I69
R479,FALSE,R47
Z820,FALSE,Z82
R0689,FALSE,R06
F431,FALSE,F43
J30,FALSE,J30
M808,FALSE,M80
V09.0,FALSE,V09
S52031D,FALSE,S52
M219,FALSE,M21
G009,FALSE,G00
F203,FALSE,F20
305,TRUE,F10
G40409,FALSE,G40
Q25,FALSE,Q25
M2557,FALSE,M25
I69352,FALSE,I69
D735,FALSE,D73
L439,FALSE,L43
S271,FALSE,S27
R770,FALSE,R77
I6911,FALSE,I69
M180,FALSE,M18
T8482,FALSE,T84
R488,FALSE,R48
J4599,FALSE,J45
R470,FALSE,R47
D56,FALSE,D56
Z43,FALSE,Z43
I061,FALSE,I06
R1031,FALSE,R10
J430,FALSE,J43
M19031,FALSE,M19
N178,FALSE,N17
A881,FALSE,A88
K3580,FALSE,K35
F68,FALSE,F68
K5721,FALSE,K57
B59,FALSE,B59
359.9,TRUE,G72
G908,FALSE,G90
C5091,FALSE,C50
I69254,FALSE,I69
I447,FALSE,I44
R202,FALSE,R20
817,TRUE,S02
R1311,FALSE,R13
J948,FALSE,J94
D049,FALSE,D04
F310,FALSE,F31
M4854XA,FALSE,M48
Z9862,FALSE,Z98
A7740,FALSE,A77
S143,FALSE,S14
T375X1D,FALSE,T37
L0291,FALSE,L02
D510,FALSE,D51
I444,FALSE,I44
C9150,FALSE,C91
R300,FALSE,R30
724.3,TRUE,M54
T24,FALSE,T24
295.8,TRUE,F20
G4489,FALSE,G44
R51,FALSE,R51
R652,FALSE,R65
R9402,FALSE,R94
H46,FALSE,H46
L9721,FALSE,L97
S42122D,FALSE,S42
Z790,FALSE,Z79
S06339D,FALSE,S06
S52501D,FALSE,S52
303.9,TRUE,F10
D699,FALSE,D69
S46002,FALSE,S46
Z8744,FALSE,Z87
M76,FALSE,M76
M19039,FALSE,M19
R90,FALSE,R90
S4601,FALSE,S46
H33022,FALSE,H33
M4711,FALSE,M47
Z4689,FALSE,Z46
R4689,FALSE,R46
R788,FALSE,R78
M21372,FALSE,M21
Q24,FALSE,Q24
Z48813,FALSE,Z48
M7500,FALSE,M75
159,TRUE,C78
H5316,FALSE,H53
K223,FALSE,K22
I455,FALSE,I45
I422,FALSE,I42
S225XXD,FALSE,S22
Q393,FALSE,Q39
L304,FALSE,L30
T8449,FALSE,T84
G5791,FALSE,G57
F909,FALSE,F90
C155,FALSE,C15
S32691D,FALSE,S32
M45,FALSE,M45
E112,FALSE,E11
M14679,FALSE,M14
D1803,FALSE,D18
L9792,FALSE,L97
T8789,FALSE,T87
C4361,FALSE,C43
L022,FALSE,L02
486,TRUE,J18
A4152,FALSE,A41
805.8,TRUE,S12
G589,FALSE,G58
S14109,FALSE,S14
M75111,FALSE,M75
S52124D,FALSE,S52
Z466,FALSE,Z46
D471,FALSE,D47
M25539,FALSE,M25
L9732,FALSE,L97
M5481,FALSE,M54
S42031,FALSE,S42
S51011A,FALSE,S51
Z49,FALSE,Z49
S0634,FALSE,S06
I63312,FALSE,I63
300.02,TRUE,F41
B450,FALSE,B45
M899,FALSE,M89
C8190,FALSE,C81
Z96698,FALSE,Z96
L979,FALSE,L97
I361,FALSE,I36
M541,FALSE,M54
I82621,FALSE,I82
R05,FALSE,R05
M33,FALSE,M33
G8111,FALSE,G81
733.9,TRUE,M81
M057,FALSE,M05
M6530,FALSE,M65
W01198D,FALSE,W01
S42125B,FALSE,S42
T428X5A,FALSE,T42
C9020,FALSE,C90
M25532,FALSE,M25
D76,FALSE,D76
M5010,FALSE,M50
S12401D,FALSE,S12
G211,FALSE,G21
H913,FALSE,H91
780.2,TRUE,R41
E8311,FALSE,E83
G992,FALSE,G99
R7301,FALSE,R73
G08,FALSE,G08
G938,FALSE,G93
Q992,FALSE,Q99
441.9,TRUE,I71
R109,FALSE,R10
F312,FALSE,F31
Z85028,FALSE,Z85
N34,FALSE,N34
S46011D,FALSE,S46
I7771,FALSE,I77
M5415,FALSE,M54
S12200A,FALSE,S12
I82592,FALSE,I82
L97211,FALSE,L97
M30,FALSE,M30
781,TRUE,R29
N170,FALSE,N17
S42031D,FALSE,S42
S272,FALSE,S27
R532,FALSE,R53
M4852,FALSE,M48
M4813,FALSE,M48
S1230,FALSE,S12
F63,FALSE,F63
M79662,FALSE,M79
W1830,FALSE,W18
A044,FALSE,A04
N2889,FALSE,N28
S43004S,FALSE,S43
G40109,FALSE,G40
S49,FALSE,S49
I341,FALSE,I34
I99,FALSE,I99
M1460,FALSE,M14
G462,FALSE,G46
D619,FALSE,D61
263.9,TRUE,E46
729.4,TRUE,M79
H8111,FALSE,H81
C7900,FALSE,C79
C9001,FALSE,C90
788.3,TRUE,R35
N82,FALSE,N82
L02419,FALSE,L02
225,TRUE,D33
G40219,FALSE,G40
F90,FALSE,F90
H001,FALSE,H00
S42001,FALSE,S42
C50812,FALSE,C50
M47819,FALSE,M47
D84,FALSE,D84
M5127,FALSE,M51
L97312,FALSE,L97
,,
,,
,,
,,
,,
,,
,,
,,
,,
,,
,,
,,
,,
,,
,,
,,
,,
,,
,,
,,
,,
,,
,,
,,
,,
,,
,,
,,
,,
,,
,,
,,
,,
,,
,,
,,
,,
,,
,,
,,
,,
,,
,,
,,
,,
,,
,,
,,
,,
,,
,,
,,
,,
,,
,,
,,
,,
,,
,,
,,
,,
,,
,,
,,
,,
,,
,,
,,
,,
,,
,,
,,
,,
,,
,,
,,
,,
,,
,,
,,
,,
,,
,,
,,
,,
,,
,,
,,
,,
,,
,,
,,
,,
,,
,,
,,
,,
,,
,,
,,
,,
,,
,,
,,
,,
,,
,,
,,
,,
,,
,,
,,
,,
,,
,,
,,
,,
,,
,,
,,
,,
,,
,,
,,
,,
,,
,,
,,
,,
,,
,,
,,
,,
,,
,,
,,
,,
,,
,,
,,
,,
,,